1	System	Module / Adventure	One Shot
2	13th Age	Eyes of the Stone Thief	
3	Advanced D&D (1e / 2e)	A Little Knowledge (Dark Sun)	
4	Advanced D&D (1e / 2e)	Dark Sun (setting)	
5	Advanced D&D (1e / 2e)	Dragonlance	
6	Advanced D&D (1e / 2e)	Last Stand at Outpost Three (Dark Sun, Dungeon #110)	
7	Advanced D&D (1e / 2e)	N1 Against the Cult of the Reptile God	
8	Advanced D&D (1e / 2e)	Night Below	
9	Advanced D&D (1e / 2e)	Night of the Comet	
10	Advanced D&D (1e / 2e)	Planescape (setting)	
11	Advanced D&D (1e / 2e)	Ravenloft (I6)	
12	Advanced D&D (1e / 2e)	Ravenloft Campaign Setting	
13	Advanced D&D (1e / 2e)	Temple of Elemental Evil	
14	Advanced D&D (1e / 2e)	The Forgotten Temple of Tharizdun (WG4)	
15	Alien RPG	Chariot of the Gods	
16	Alien RPG	Destroyer of Worlds	
17	All Flesh Must Be Eaten	Coffee Break of the Living Dead	Yes
18	Ashen Stars	The Justice Trade	
19	Band of Blades	Band of Blades	
20	Better Angels	No Soul Left Behind	
21	Call of Cthulhu	Berlin: The Wicked City	
22	Call of Cthulhu	Beyond the Mountains of Madness	
23	Call of Cthulhu	Bumps in the Night	
24	Call of Cthulhu	Day of the Beast	
25	Call of Cthulhu	Delta Green (original sourcebook)	
26	Call of Cthulhu	Delta Green: Countdown	
27	Call of Cthulhu	Europe Ablaze	
28	Call of Cthulhu	Fungi from Yoggoth	
29	Call of Cthulhu	Grace Under Pressure	Yes
30	Call of Cthulhu	Harlem Unbound (2e)	
31	Call of Cthulhu	Horror on the Orient Express	
32	Call of Cthulhu	Masks of Nyarlathotep	
33	Call of Cthulhu	Mortal Coils	
34	Call of Cthulhu	Realm of Shadows	
35	Call of Cthulhu	Scoured Stars	
36	Call of Cthulhu	Shadows of Yog-Sothoth	
37	Call of Cthulhu	Tales of the Sleepless City	
38	Call of Cthulhu	The Haunting	
39	Call of Cthulhu	The Things We Leave Behind	
40	Call of Cthulhu	Walker in the Wastes	
41	Champions / Hero Games	Hudson City: The Urban Abyss	
42	Champions / Hero Games	Shadows of the City	
43	Changeling: The Dreaming	The Rose-Bride's Plight	
44	Chuubo's Marvelous Wish-Granting Engine	The Glass Maker's Dragon	
45	City of Mist	Nights of Payne Town	
46	Cyberpunk 2020	Night City Stories	
47	D&D 3rd Edition / 3.5	Empire of the Ghouls	
48	D&D 3rd Edition / 3.5	Red Hand of Doom	
49	D&D 3rd Edition / 3.5	Return to the Tomb of Horrors	
50	D&D 3rd Edition / 3.5	Ruins of the Undermountain	
51	D&D 3rd Edition / 3.5	Sunless Citadel	
52	D&D 3rd Edition / 3.5	Zeitgeist	
53	D&D 4th Edition	Zeitgeist	
54	D&D 5th Edition	Call of the Netherdeep	
55	D&D 5th Edition	Curse of Strahd	
56	D&D 5th Edition	Dungeons of Drakkenheim	
57	D&D 5th Edition	Heckna!	
58	D&D 5th Edition	Lost Mines of Phandelver	
59	D&D 5th Edition	Tomb of Annihilation	
60	D&D Classic (White Box / Basic / BECMI)	Against the Giants (G1-3)	
61	D&D Classic (White Box / Basic / BECMI)	Castle Amber (X2)	
62	D&D Classic (White Box / Basic / BECMI)	Descent into the Depths / Vault of the Drow (D1-3)	
63	D&D Classic (White Box / Basic / BECMI)	Drums on Fire Mountain (X8)	
64	D&D Classic (White Box / Basic / BECMI)	Expedition to the Barrier Peaks	
65	D&D Classic (White Box / Basic / BECMI)	Isle of Dread (X1)	
66	D&D Classic (White Box / Basic / BECMI)	Keep on the Borderlands (B2)	
67	D&D Classic (White Box / Basic / BECMI)	Night's Dark Terror (B10)	
68	D&D Classic (White Box / Basic / BECMI)	Q1 Queen of the Demonweb Pits	
69	D&D Classic (White Box / Basic / BECMI)	Sinister Secret of Saltmarsh (U1)	
70	D&D Classic (White Box / Basic / BECMI)	Tomb of Horrors (S1)	
71	D&D Classic (White Box / Basic / BECMI)	Village of Hommlet (T1)	
72	D&D Classic (White Box / Basic / BECMI)	White Plume Mountain	
73	Deadlands / Hell on Earth	Last Sons	
74	Deadlands / Hell on Earth	The Flood	
75	Deadlands / Hell on Earth	Urban Renewal (Hell on Earth)	
76	Degenesis Rebirth	Jehammed's Will	
77	Delta Green	A Night at the Opera	
78	Delta Green	God's Teeth	
79	Delta Green	Impossible Landscapes	
80	Delta Green	Ladybug Ladybug Fly Away	
81	Delta Green	Operation Fulminate	
82	Delta Green	Puppet Shows and Shadow Plays	
83	Delta Green	Sick Again	
84	Delta Green	The Borellus Connection	
85	Dungeon Crawl Classics	2 Worm, 2 Furious	
86	Dungeon Crawl Classics	Doom of the Savage Kings	
87	Dungeon Crawl Classics	Sailors on the Starless Sea	
88	Dungeon Crawl Classics	The Chained Coffin	
89	Dungeon World	The Last Days of Anglekite	
90	Earthdawn	Ardanyan's Revenge	
91	Earthdawn	Parlainth: The Forgotten City	
92	Fate	The Kerberos Club	
93	Forbidden Lands	Raven's Purge	
94	Fudge	The Collectors: The Burning House	Yes
95	Ghostbusters RPG	Ghosty Toasties	Yes
96	Ghostbusters RPG	Hot Rods From the Gods	Yes
97	GURPS	Cabal	
98	GURPS	Dinosaurs at the Alamo	Yes
99	GURPS	Russia	
100	GURPS	Transhuman Space	
101	Hackmaster	Frandor's Keep	
102	HeroQuest	Satyr Kingdom of Heroes	
103	Hârn	HârnWorld	
104	ICONS	Sins of the Past	Yes
105	Kult: Divinity Lost	The Black Madonna	
106	Kult: Divinity Lost	The Judas Grail	
107	Lamentations of the Flame Princess	A Red and Pleasant Land	
108	Lamentations of the Flame Princess	Better Than Any Man	
109	Lamentations of the Flame Princess	Carcosa	
110	Lamentations of the Flame Princess	Death Frost Doom	
111	Lamentations of the Flame Princess	Deep Carbon Observatory	
112	Lamentations of the Flame Princess	Terror in the Streets	
113	Lancer	Golden Flame	
114	Lancer	Wallflower	
115	Laundry RPG	Black Bag Jobs	
116	Legend of the Five Rings	City of Lies	
117	Legend of the Five Rings	The Tomb of Luchiban	
118	Marvel Super Heroes	All This and World War 2	
119	Mausritter	Drained Brackish Basin	
120	Mausritter	The Broken Oaken Tower	
121	Mausritter	The Estate	
122	Mekton	Operation Rimfire	
123	MERP	Goblin Gate and Eagle's Eyrie	
124	Midgard (German)	Smaskrifter	
125	Midgard (German)	Sturm über Mokattam	
126	Mothership	A Pound of Flesh	
127	Mothership	Another Bug Hunt	
128	Mothership	Decagone	Yes
129	Mothership	Desert Moon of Karth	
130	Mothership	Gradient Descent	
131	Mothership	The Haunting of Ypsilon 14	Yes
132	Mutant Chronicles	The Dark Symmetry	
133	Mutant: Year Zero	Ad Astra	
134	Mutant: Year Zero	Elysium	
135	Mutant: Year Zero	Genlab Alpha	
136	Mutant: Year Zero	Mechatron	
137	Mythras	Monster Island	
138	Night's Black Agents	The Dracula Dossier	
139	Night's Black Agents	The Zalozhniy Quartet	
140	Nobilis	Introductory Campaign	
141	Orpheus	Orpheus (chronicle)	
142	OSR	Anomalous Subsurface Environment	
143	OSR	Castle of the Silver Prince	
144	OSR	Castle Xyntillan	
145	OSR	Caverns of Thracia	
146	OSR	Dolmenwood	
147	OSR	Hot Spring Island	
148	OSR	Maze of the Blue Medusa	
149	OSR	Nightmare Over Ragged Hollow	
150	OSR	Rappan Athuk	
151	OSR	Reach of the Roach God	
152	OSR	Slumbering Ursine Dunes	
153	OSR	Stonehell	
154	OSR	The Black Wyrm of Brandonsford	
155	OSR	The Halls of Arden Vul	
156	OSR	The Valley of Flowers	
157	OSR	Veins of the Earth	
158	Over the Edge	The Seversen Convocation	
159	Paranoia	Me and My Shadow MK IV	
160	Paranoia	Mr. Bubbles	
161	Paranoia	Orcbusters	
162	Paranoia	Robot IMANA-665-C	
163	Paranoia	Yellow Clearance Black Box Blues	
164	Pathfinder	Abomination Vault	
165	Pathfinder	Age of Worms	
166	Pathfinder	Carrion Crown	
167	Pathfinder	Curse of the Crimson Throne	
168	Pathfinder	Kingmaker	
169	Pathfinder	Rise of the Runelords	
170	Pathfinder	Season of Ghosts	
171	Pathfinder	Strange Aeons	
172	Pathfinder	Strength of Thousands	
173	Pathfinder	The Inner Sea World Guide	
174	Pathfinder	Way of the Wicked	
175	Pendragon	The Great Pendragon Campaign	
176	Pirate Borg	Buried in the Bahamas	
177	Pulp Cthulhu	The Two-Headed Serpent	
178	Runequest	Borderlands	
179	Runequest	Griffin Mountain	
180	Runequest	Guide to Glorantha	
181	Runequest	Pavis: Threshold to Danger (incl. The Cradle)	
182	Runequest	Sartar Rising	
183	Runequest	Six Seasons in Sartar	
184	Savage Worlds	50 Fathoms	
185	Savage Worlds	East Texas University	
186	Savage Worlds	Sundered Skies	
187	Scion	Scion Trilogy	
188	Sengoku	Shiki / Four Seasons	
189	Shadows Over Sol	Siren's Call	
190	Spire / d20 (Monte Cook)	Ptolus: City by the Spire	
191	Spirit of 77	Nine Lives in the Fast Lane	
192	Star Frontiers	The Volturnus Trilogy	
193	Star Trek Adventures	Lurkers	
194	Star Wars (WEG)	DarkStryder Campaign	
195	Star Wars (WEG)	Operation Elrood	
196	Star Wars (WEG)	Tatooine Manhunt	
197	Stormbringer / Elric	Rogue Mistress	
198	Symbaroum	Chronicle of the Throne of Thorns	
199	Tales from the Loop	Tales from the Loop	
200	The One Ring	Moria	
201	The One Ring	Ruins of the Lost Realm	
202	The One Ring	Tales from Wilderland	
203	The One Ring	The Darkening of Mirkwood	
204	TORG	The Relics of Power Trilogy	
205	Trail of Cthulhu	Cthulhu City	
206	Trail of Cthulhu	Eternal Lies	
207	Trail of Cthulhu	The Armitage Files	
208	Traveller	Death Station	
209	Traveller	Deepnight Revelation	
210	Traveller	Fated Voyage (MegaTraveller, Challenge #46)	
211	Traveller	Franklin	
212	Traveller	Pirates of Drinax	
213	Traveller	Secrets of the Ancients	
214	Traveller	Spinward Encounters	
215	Traveller	The Traveller Adventure	
216	Traveller	Twilight's Peak	
217	Tribe 8	Children of Lilith	
218	Tribe 8	Vimary	
219	Unknown Armies	Jailbreak	
220	Unknown Armies	One-Shots	
221	Unknown Armies	Pinfeathers	
222	Unknown Armies	To Go	
223	Vampire: The Masquerade / World of Darkness	Chicago by Night	
224	Vampire: The Masquerade / World of Darkness	Giovanni Chronicles IV: Nuova Malattia	
225	Vampire: The Masquerade / World of Darkness	Transylvania Chronicles	
226	Warhammer 40k: Dark Heresy	The Haarlock Trilogy	
227	Warhammer Fantasy Roleplay	A Power Behind the Throne (Enemy Within pt. 4)	
228	Warhammer Fantasy Roleplay	Death on the Reik (Enemy Within pt. 2)	
229	Warhammer Fantasy Roleplay	Night of Blood	
230	Warhammer Fantasy Roleplay	Shadows Over Bogenhafen (Enemy Within pt. 1)	
231	Warhammer Fantasy Roleplay	Something Rotten in Kislev	
232	Warhammer Fantasy Roleplay	The Enemy Within (full campaign)	
233	Warhammer Fantasy Roleplay	Thousand Thrones	
234	Yazeba's Bed and Breakfast	Yazeba's Bed and Breakfast	