1	System	Material	Status	Campaign	B-Side	One-Shot	Pocket
2	Delta Green	A Night at the Opera	Campaign	A Night at the Opera			
3	Lamentations of the Flame Princess	A Red and Plesant Land	Campaign	A Red and Pleasant Land			
4	All Flesh Must Be Eaten	20		All Flesh Must Be Eaten			
5	Animon Story	Animon Ranch	Campaign	Animon Story			
6	Apocalypse World	20		Apocalypse World			
7	Avatar Legends	20		Avatar Legends			
8	Call of Cthulhu (5e)	Beyond the Mountains of Madness, Miskatonic University	Campaign	Beyond the Mountains of Madness			
9	Strike!	Big Bad Bureau	Campaign	Big Bad Bureau			
10	Dungeons & Dragons (AD&D2e)	Birthright	Campaign	Birthright			
11	Blue Planet	Archipelago, Access Denied, Natural Selection, Fronter Justice, Fluid Mechanics, First Colony, Ancient Echoes, Blue Planet 1e	Campaign	Blue Planet			
12	BREAK!!!	20		BREAK!!!			
13	Breakfast Cult	20		Breakfast Cult			
14	Alien RPG	Building Better Worlds	Campaign	Building Better Worlds			
15	CAIN	20		CAIN			
16	Castle Falkenstein	20		Castle Falkenstein			
17	Mothership	Cloud Empress	Campaign	Cloud Empress			
18	Dungeons & Dragons (D&D5e)	20		Curse of Strahd			
19	Cyberpunk RED	20		Cyberpunk RED			
20	Dungeons & Dragons (AD&D2e)	Dark Sun	Campaign	Dark Sun			
21	Don't Rest Your Head	20		Don't Rest Your Head			
22	Dungeons & Dragons (AD&D1e)	Dragonlance	Campaign	Dragonlance			
23	Trail of Cthulhu	Dreamhounds of Paris	Campaign	Dreamhounds of Paris			
24	Emergent	20		Emergent			
25	Dungeons & Dragons (D&D3.5e)	Expedition to Castle Ravenloft	Campaign	Expedition to Castle Ravenloft			
26	Girl By Moonlight	20		Girl By Moonlight			
27	Delta Green	God's Teeth	Campaign	God's Teeth			
28	Golden Sky Stories	20		Golden Sky Stories			
29	Dungeons & Dragons (AD&D1e)	The Temple of Elemental Evil, Slave Pits of the Undercity, Secret of the Slavers Stockade, Assault on the Aerie of the Slave Lords, In the Dungeons of the Slave Lords, Steading of the Hill Giant Chief, The Glacial Rift of the Frost Giant Jarl, Hall of the Fire Giant King, Descent into the Depths of the Earth, Shrine of the Kuo-Toa, Vault of the Drow, Queen of the Demonweb Pits	Campaign	Greyhawk			
30	Dungeons & Dragons (AD&D1e-UA)	The Sinister Secret of Saltmarsh, Against the Cult of the Reptile God, The Assassin's Knot, Dwellers of the Forbidden City, The Hidden Shrine of Tamoachan, The Ghost Tower of Inverness, Ravenloft, White Plume Mountain, The Lost Caverns of Tsojcanth, The Forgotten Temple of Tharizdun, Expedition to the Barrier Peaks, Tomb of Horrors	Campaign	Greyhawk II			
31	Dungeons & Dragons (AD&D2e)	The Ruins of the Undermountain, Return to the Keep on the Borderlands, Slavers, Mark of Amber, The Gates of Firestorm Peak, Return to White Plume Mountain, The City of Skulls, Return to the Tomb of Horrors	Campaign	Greyhawk III			
32	Dungeons & Dragons (D&D3e)	The Forge of Fury, Return to the Temple of Elemental Evil, City of the Spider Queen	Campaign	Greyhawk III			
33	Dungeons & Dragons (D&D4e-E)	Halls of the Undermountain, Madness at Gardmore Abbey, Revenge of the Giants, Tomb of Horrors	Campaign	Greyhawk IV			
34	Household	20		Household			
35	Delta Green	Impossible Landscapes	Campaign	Impossible Landscapes			
36	Kuro	20		Kuro			
37	Lacuna Part 1	20		Lacuna Part 1			
38	Lamentations of the Flame Princess	Death Frost Doom, Better Than Any Man, Scenic Dunnsmouth, Thulian Echoes, Broodmother Skyfortress, Tower of the Stargazer, The Monolith from Beyond Space and Time, Forgive Us, Carcosa, No Salvation for Witches, The Cursed Chateau, The Pale Lady, Frostbitten & Mutilated, Hammers of the God, The Grinding Gear	Campaign	Lamentations of the Flame Princess			
39	Godlike	20		LOSERS			
40	Masks: A New Generation	20		Masks: A New Generation			
41	Dungeons & Dragons (RC)	Maze of the Blue Medusa	Campaign	Maze of the Blue Medusa			
42	Metkon II	20		Mekton II			
43	MÖRK BORG	Galgenbeck: Sacrifice, Feretory, Solitary Defilement, Heretic, BEstitchARY, Bestiary, Bergen Chrypt, Hallowed, Ossarium, 30 Days of MÖRK BORG, 30 Days of MÖRK BORG Adventure Chapbook Vol. 1, 30 Days of MÖRK BORG Adventure Chapbook Vol. 2, 30 Days of MÖRK BORG Adventure Chapbook Vol. 3, 30 Days of MÖRK BORG Adventure Chapbook Vol. 4, 30 Days of MÖRK BORG Adventure Chapbook Vol. 5, The Vaults of Torment, Purgatory, Monsters!, Dungeons!, Apocrypha, Leviathan, Forlorn Philosopher, Membrane of Sarantha, Sarcopha Ghost, Devil's Tomb, Damn These Monkeys, Sepulchre of the Swamp Witch, Goblin Grinder, Bloat, The Death Ziggurat, Blackpowder Weapons, Merchant, d100 items and trinkets, Temebrous Reliquary, Unheroic Feats, Bone Bowyer, Eat Prey Kill, Overland Travel, Sacrilegious Songbird, Dead God's Prophet, Pale One, Cursed Skinwalker	Campaign	Minotaur:  3rd Party + CULT			
44	Moonlight on Roseville Beach	20		Moonlight on Roseville Beach			
45	Dungeons & Dragons (RC)	The Keep on the Borderlands, The Lost City, Castle Amber, The Isle of Dread, Pharaoh, Oasis of the White Palm, Lost Tomb of Martek	Campaign	Mystara			
46	Mythic Bastionland	20		Mythic Bastionland			
47	Fabula Ultima	Natural Fantasy	Campaign	Natural Fantasy			
48	Nechronica	20		Nechronica			
49	Dungeons & Dragons (B)	Neverland	Campaign	Neverland			
50	Dungeons & Dragons (AD&D1e)	Night Below	Campaign	Night Below			
51	Lancer	No Room for a Wallflower	Campaign	No Room for a Wallflower			
52	Noumenon	20		Noumenon			
53	Nimble	Obojima	Campaign	Obojima			
54	Over the Edge	20		Over the Edge			
55	Call of Cthulhu (5e)	20		Owlbear: Les Fleurs du Mal			
56	Dungeons & Dragons (B/X)	Oz	Campaign	Oz			
57	Perils & Princesses	20		Perils & Princesses			
58	Dungeons & Dragons (AD&D2e)	Planescape, Dead Gods	Campaign	Planescape			
59	d20	Postmodern Magic	Campaign	Postmodern Magic			
60	Brindlewood Bay	20		Purple Worm: Brindlewood Bay			
61	Dungeons & Dragons (AD&D2e-PO)	Ravenloft	Campaign	Ravenloft			
62	Ryuutama	20		Ryuutama			
63	Dungeons & Dragons (D&D4e)	Scales of War	Campaign	Scales of War			
64	Scion	20		Scion			
65	Slugblaster	20		Slugblaster			
66	Spire	20		Spire			
67	Spirit of the Century	20		Spirit of the Century			
68	Kult: Divinity Lost	The Black Madonna	Campaign	The Black Madonna			
69	Night's Black Agents	The Dracula Dossier	Campaign	The Dracula Dossier			
70	Kult: Divinity Lost	The Judas Grail	Campaign	The Judas Grail			
71	Call of Cthulhu (7e)	The Masks of Nyarlathotep	Campaign	The Masks of Nyarlathotep			
72	Pulp Cthulhu	The Two-Headed Serpent	Campaign	The Two-Headed Serpent			
73	The Wildsea	20		The Wildsea			
74	Unknown Armies	To Go	Campaign	To Go			
75	Dungeons & Dragons (D&D5e+)	20		Tomb of Annihilation			
76	Spycraft 2.0	20		Totally Spycraft!			
77	Triangle Agency	20		Triangle Agency			
78	Root: The RPG	20		Vagabonds			
79	Dungeons & Dragons (0e+)	Veins of the Earth	Campaign	Veins of the Earth			
80	Monster of the Week	20		Web of the Spider			
81	Unknown Armies	Weep, One Shots, Lawyers, Guns & Money, Stratosphere, Postmodern Magick, Hush Hush, Unknown Armies, Break Today	Campaign	Weep			
82	Dungeons & Dragons (BECMI)	Wonderland	Campaign	Wonderland			
83	Animon Story	Animon Ranch	B-Side				
84	Brave Zenith	168		524			
85	Hypermall Unlimited Violence	168		150			
86	Ironsworn	168					
87	Magnagothica: Maleghast	168					
88	Mausritter	The Estate	B-Side	538			
89	Outgunned	Action Flicks	B-Side				
90	Scum & Villainy	168					
91	Sleepaway	168					
92	Wanderhome	168					
93	Angel RPG	20					
94	Blue Rose: The AGE RPG	20					
95	Buffy RPG	20					
96	CAIN	20					
97	Call of Cthulhu	The Sutra of Pale Leaves 1 & 2	Campaign				
98	Call of Cthulhu	Viral	Campaign				
99	Cats! The Conspuracy	20					
100	Chill 1st Edition	20					
101	Chill 2nd Edition	20					
102	CYPHER	Mystery Flesh Pit National Park	Campaign				
103	CYPHER	Tidal Blades	Campaign				
104	DIE RPG	20					
105	Dolmenwood	20					
106	FIST	20		126			
107	FIST	20					
108	Hollow Earth Expedition	20					
109	Lancer	Dustgrave	Campaign				
110	Lancer	No Room for a Wallflower	Campaign				
111	Lancer	Operation Solstice Rain	Campaign				
112	Lancer	Operation Winter Scar	Campaign				
113	Lancer	Siren's Song	Campaign				
114	Lancer	The Long Rim	Campaign				
115	Land of Eem	20					
116	Murphy's World	20					
117	Outgunned	World of Killers	Campaign				
118	Outgunned Adventures	20					
119	Public Access	20					
120	Savage Worlds	Pinebox Middle School	Campaign				
121	Spire: The City Must Fall	20					
122	TEETH	False Kingdom	Campaign				
123	The Between	Ghosts of El Paso	Campaign				
124	The Between	20					
125	The Zorcerer of Zo	20					
126	Vaesen	20					
127	Warhammer Fantasy Roleplay	The Enemy Within	Campaign				
128	Dungeons & Dragons (0e)	Nightmare Over Ragged Hollow	Complete				
129	Alice is Missing	53		108			
130	All for One: Régime Diabolique	53					
131	Alma Matter	53		256			
132	Armour Astir: Advent	53					
133	Askew	53					
134	Babes in the Wood	53					
135	Battle School	53					
136	Blood Borg	53					
137	Bone Bout	53		821			
138	Call of Cthulhu	The Dare	One-Shot				
139	Candela Obscura	53					
140	Castlevanilla	53					
141	CBR+PNK	Mind the Gap	One-Shot	814			
142	Chill	53		829			
143	Classroom Deathmatch	53					
144	Clean Spirit	53					
145	Corp Borg	53		832			
146	Costume Fairy Adventures	53					
147	Daisy Chainsaw	53		300			
148	Dating.Sim	53		834			
149	DAWN: The RPG	53					
150	Dead Inside	53					
151	Dead of Night	53					
152	Desperation	53					
153	Dinocar	53					
154	Do: Pilgrims of the Flying Temple	53					
155	Dragonbane	53					
156	ECO MOFOS	53					
157	Eyes on the Prize	53					
158	Fiasco	All the Damn Time	One-Shot	843			
159	Fiasco	American Disasters	One-Shot	845			
160	Fiasco	Anthology 1	One-Shot	847			
161	Fiasco	Anthology 2	One-Shot	849			
162	Fiasco	Anthology 2	One-Shot	309			
163	Fiasco	Anthology 2	One-Shot	850			
164	Fiasco	Anthology 3	One-Shot	852			
165	Fiasco	Anthology 3	One-Shot	853			
166	Fiasco	Anthology 3	One-Shot	854			
167	Fiasco	Anthology 3	One-Shot	855			
168	Fiasco	Anthology 3	One-Shot	856			
169	Fiasco	Anthology 3	One-Shot	857			
170	Fiasco	Companion	One-Shot	859			
171	Fiasco	Companion	One-Shot	860			
172	Fiasco	The Beast of Sucker Creek	One-Shot	861			
173	Fiasco	53		862			
174	Fiasco	53		863			
175	Fiasco	53		864			
176	Fight to Survive	53					
177	Foul Play	53		248			
178	Going Rogue	53					
179	Green Dawn Mall	53					
180	Grum Hall	53					
181	Hell for Leather	53					
182	Hellriders	53		871			
183	Heroes of Cerulea	53					
184	Hieronymous	53					
185	Honey Heist	53		302			
186	Hounds	53		874			
187	In Case of Emergency	875		319			
188	Inevitable	53					
189	InSpectres	53					
190	Kamigakari: God Hunters	53					
191	Kernel	53		879			
192	KidWorld	53		880			
193	Kobolds Ate My Baby!	53					
194	Kosmosaurs	53					
195	Lady Blackbird	53		883			
196	Lamentations of the Flame Princess	The God That Crawls	One-Shot	310			
197	Land of OG	53					
198	Lasers & Feelings	53		885			
199	Magical Kittens Save the Day	53					
200	Mall Kids	53					
201	Mazes Fantasy Roleplaying	53					
202	Mekayana	53					
203	Microscope	53		897			
204	Mothership	Decagone	One-Shot	903			
205	Mothership	ONI	One-Shot				
206	Mothership	Time After Time	One-Shot	904			
207	Mothership	Warped Beyond Recognition	One-Shot				
208	Mothership	53		906			
209	Motobushido	53					
210	Mutant City Blues	53					
211	Mystery Business	53		909			
212	Necronautilus	53					
213	Nighthawks	53					
214	Ninja Burger	53					
215	Ocean	53					
216	octaNe	53					
217	OMEN	53					
218	Perfect Draw!	53		262			
219	PICO	53					
220	Plan 9 from Outer Space	53					
221	RAD	53					
222	Rosewood Abbey	53		929			
223	Rules to the Game of DUNGEON	53		311			
224	Scene Thieves	53		936			
225	Sentai & Sensibility	53					
226	Single Unique Power	53		951			
227	SOAR: Shirtless On a Rooftop	20					
228	Sock Puppets	53					
229	Specters	53					
230	Strange Things Afoot	53					
231	Tacklebox	53					
232	Teenagers from Outerspace	53					
233	TEETH	Blood Cotillion	One-Shot				
234	TEETH	Night of the Hogmen	One-Shot				
235	The Laundry	53					
236	The Longest Night	World of Darkness	One-Shot				
237	The Sticker Game	53					
238	They Came From Beneath the Sea!	53					
239	They Came From Beyond the Grave!	53					
240	Tokyo Brain Pop!	53					
241	TOON	53		1020			
242	Troika	Codex R	One-Shot	1024			
243	Troika	crapland.	One-Shot	1027			
244	Tunnels & Trolls	53		90			
245	Under the Neighborhood	53					
246	Unknown Armies	One Shots	One-Shot	1041			
247	Unknown Armies	One Shots	One-Shot	1046			
248	Unknown Armies	One Shots	One-Shot	1048			
249	Unknown Armies	One Shots	One-Shot	1051			
250	Unworthy	53					
251	Warped	53					
252	Wetrunner	53					
253	Wishless	53		1060			
254	Witch: The Road to Lindisfarne	53					
255	Call of Cthulhu (7e)	The Edge of Darkness, Genus Loci, The Lightless Beacon, The Haunting, Dead Light	Pocket	1069
256	Call of Cthulhu (7e)	The Things We Left Behind	Pocket	1073
257	Call of Cthulhu (7e)	Viral	Pocket	566
258	Forbidden Lands	Into the Weird and Wild	Pocket	1082
259	Kids on Bikes	Strange Adventures	Pocket	1091
260	Kids on Bikes	170		1095
261	Kids on Bikes	170		1101
262	Koriko: A Magical Year 	Flying Together	Pocket	141
263	Lamentations of the Flame Princess	Qelong	Pocket	1107
264	Liminal Horror	The Bloom	Pocket	1112
265	Liminal Horror	The Club	Pocket				
266	Liminal Horror	170		1114
267	Liminal Horror	170		1124
268	Mausritter	The Vitacernis	Pocket	1129
269	Monster of the Week	170		1132
270	Mothership	Another Bug Hunt	Pocket	237
271	Call of Cthulhu (6e)	875					
272	GURPS Illuminati	875					
273	Starfaring 	875					
274	Suppressed Transmissions: The First Broadcast	875					
275	Suppressed Transmissions: The Second Broadcast	875					